hola;tip2;tip3;hola
1;Haz ejercicio regularmente para reducir el estrés y mejorar la calidad del sueño.;Plátanos: son una excelente fuente de potasio y magnesio, que pueden ayudar a relajar los músculos y promover el sueño.;Mantén un horario de sueño regular y trata de ir a dormir y despertar a la misma hora todos los días.
2;Asegúrate de pasar tiempo al aire libre y recibir suficiente luz solar para regular tu reloj biológico.;Leche: la leche contiene triptófano, un aminoácido que ayuda a producir serotonina y melatonina, lo que promueve el sueño.;Crea una rutina relajante antes de dormir, como leer un libro, tomar un baño caliente o hacer algunos estiramientos.
3;Evita la siesta durante el día si tienes problemas para dormir por la noche.;Té de manzanilla: la manzanilla tiene propiedades sedantes que pueden ayudar a reducir la ansiedad y el estrés, lo que promueve el sueño.;Asegúrate de que tu habitación esté oscura, fresca y silenciosa.
4;Mantén un horario regular para las comidas y evita comer demasiado cerca de la hora de dormir.;Frutos secos: los frutos secos son ricos en magnesio y proteínas, que pueden ayudar a reducir el estrés y promover el sueño.;Usa tu habitación solo para dormir y el sexo, y no para trabajar o ver televisión.
5;Evita la cafeína y el alcohol, especialmente por la noche.;Pavo: el pavo es una excelente fuente de triptófano, que puede ayudar a aumentar los niveles de serotonina y melatonina, lo que promueve el sueño.;Evita las siestas durante el día si tienes problemas para dormir por la noche.
6;Bebe suficiente agua durante el día para mantenerte hidratado.;Cereales integrales: los cereales integrales son ricos en carbohidratos complejos, que pueden ayudar a aumentar los niveles de serotonina y promover el sueño.;Haz ejercicio regularmente, pero evita hacerlo demasiado cerca de la hora de dormir.
7;Trata de reducir el estrés durante el día con técnicas de relajación, como la meditación o la respiración profunda.;Espinacas: la espinaca es rica en magnesio, que puede ayudar a relajar los músculos y promover el sueño.;Limita la ingesta de cafeína y alcohol, especialmente por la noche.
8;Haz una lista de tareas pendientes antes de dormir para evitar preocuparte por ellas durante la noche.;Miel: la miel contiene glucosa, que puede ayudar a reducir el estrés y promover el sueño.;Evita las comidas pesadas o picantes antes de acostarte.
9;Haz una siesta breve si te sientes somnoliento durante el día, pero asegúrate de no dormir más de 30 minutos.;Yogur: el yogur es una excelente fuente de calcio, que puede ayudar a reducir el estrés y promover el sueño.;Reduce el consumo de alimentos y bebidas que contengan azúcar o carbohidratos refinados.
10;Usa ropa cómoda y suelta durante el día para reducir el estrés y la tensión.;Atún: el atún es rico en vitamina B6, que puede ayudar a producir melatonina y promover el sueño.;Usa ropa cómoda para dormir.
11;Evita las actividades estresantes o emocionantes cerca de la hora de dormir, como ver películas de terror o trabajar en proyectos importantes.;Queso cottage: el queso cottage es una excelente fuente de triptófano, que puede ayudar a producir serotonina y promover el sueño.;Considera la posibilidad de usar un colchón cómodo y una almohada adecuada para tu posición de sueño.
12;Haz una lista de cosas por las que estás agradecido antes de dormir para fomentar sentimientos de gratitud y felicidad.;Huevos: los huevos son una buena fuente de proteínas y triptófano, que pueden ayudar a aumentar los niveles de serotonina y melatonina, lo que promueve el sueño.;Asegúrate de tener suficiente espacio en la cama si duermes con una pareja.
13;Evita fumar, ya que el tabaco puede interferir con la calidad del sueño.;Avena: la avena es rica en melatonina, que puede ayudar a regular el sueño.;Usa técnicas de relajación, como la meditación o la respiración profunda, para reducir el estrés antes de dormir.
14;Asegúrate de que tu lugar de trabajo sea cómodo y ergonómico para reducir la tensión muscular.;Verduras de hojas verdes: las verduras de hojas verdes son ricas en calcio, que puede ayudar a reducir el estrés y promover el sueño.;Evita el uso de dispositivos electrónicos antes de dormir, ya que la luz azul que emiten puede interferir con la producción de melatonina, la hormona del sueño.
15;Toma descansos regulares durante el día para evitar la fatiga y el agotamiento.;Salmón: el salmón es rico en ácidos grasos omega-3, que pueden ayudar a reducir la inflamación y promover el sueño.;Considera la posibilidad de usar cortinas opacas o una máscara para dormir si tienes problemas para dormir en un ambiente oscuro.
16;Usa técnicas de respiración profunda o estiramientos suaves durante el día para reducir el estrés y la tensión muscular.;Té de valeriana: la valeriana tiene propiedades sedantes que pueden ayudar a reducir la ansiedad y el estrés, lo que promueve el sueño.;Mantén tu habitación limpia y ordenada.
17;Escucha música suave y relajante durante el día para reducir el estrés y mejorar el estado de ánimo.;Chocolate negro: el chocolate negro contiene flavonoides que pueden ayudar a reducir el estrés y promover el sueño.;Considera la posibilidad de usar un humidificador si tu habitación está seca.
18;Trata de no usar dispositivos electrónicos durante las horas previas a la hora de dormir para evitar la luz azul que interfiere con la producción de melatonina.;Batatas: las batatas son ricas en carbohidratos complejos, que pueden ayudar a aumentar los niveles de serotonina y promover el sueño.;Usa una alarma de despertador suave y evita los tonos de alarma fuertes y estridentes.
19;Haz una lista de cosas por hacer para el día siguiente para evitar preocuparte por ellas durante la noche.;Frutas frescas: las frutas frescas son ricas en antioxidantes y vitaminas que pueden ayudar a reducir el estrés y promover el sueño.;Considera la posibilidad de usar una aplicación o un dispositivo de seguimiento del sueño para controlar la calidad de tu sueño.
20;Trata de mantener un estado de ánimo positivo durante el día y evita los pensamientos negativos antes de dormir.;Leche: la leche contiene tripofano, un aminoacido que ayuda a producir serotonina y melatonina, las hormonas que regulan el sueño, tiene nutrientes que contribuyen a la relajación muscular y a reducir el estrés.;Si tienes problemas para dormir, considera la posibilidad de hablar con un profesional de la salud, como un médico o un psicólogo, para obtener ayuda adicional.
